"country","continent","year","lifeExp","pop","gdpPercap","pop_millions","GDP"
"Algeria","Africa",1952,43.077,9279525,2449.008185,9.279525,22725632677.9121
"Algeria","Africa",1957,45.685,10270856,3013.976023,10.270856,30956113719.6857
"Algeria","Africa",1962,48.303,11000948,2550.81688,11.000948,28061403854.4022
"Algeria","Africa",1967,51.407,12760499,3246.991771,12.760499,41433235246.8537
"Algeria","Africa",1972,54.518,14760787,4182.663766,14.760787,61739408942.5438
"Algeria","Africa",1977,58.014,17152804,4910.416756,17.152804,84227416173.9838
"Algeria","Africa",1982,61.368,20033753,5745.160213,20.033753,115097120652.669
"Algeria","Africa",1987,65.799,23254956,5681.358539,23.254956,132119742844.669
"Algeria","Africa",1992,67.744,26298373,5023.216647,26.298373,132102425042.615
"Algeria","Africa",1997,69.152,29072015,4797.295051,29.072015,139467033682.098
"Algeria","Africa",2002,70.994,31287142,5288.040382,31.287142,165447670333.368
"Algeria","Africa",2007,72.301,33333216,6223.367465,33.333216,207444851958.217
"Angola","Africa",1952,30.015,4232095,3520.610273,4.232095,14899557133.3119
"Angola","Africa",1957,31.999,4561361,3827.940465,4.561361,17460618347.3729
"Angola","Africa",1962,34,4826015,4269.276742,4.826015,20603593596.0431
"Angola","Africa",1967,35.985,5247469,5522.776375,5.247469,28980597821.7449
"Angola","Africa",1972,37.928,5894858,5473.288005,5.894858,32264255582.5783
"Angola","Africa",1977,39.483,6162675,3008.647355,6.162675,18541315838.4746
"Angola","Africa",1982,39.942,7016384,2756.953672,7.016384,19343845632.962
"Angola","Africa",1987,39.906,7874230,2430.208311,7.87423,19136019188.7255
"Angola","Africa",1992,40.647,8735988,2627.845685,8.735988,22956828370.0118
"Angola","Africa",1997,40.963,9875024,2277.140884,9.875024,22486820880.8812
"Angola","Africa",2002,41.003,10866106,2773.287312,10.866106,30134833900.6471
"Angola","Africa",2007,42.731,12420476,4797.231267,12.420476,59583895818.2231
"Benin","Africa",1952,38.223,1738315,1062.7522,1.738315,1847398090.543
"Benin","Africa",1957,40.358,1925173,959.6010805,1.925173,1847398090.94943
"Benin","Africa",1962,42.618,2151895,949.4990641,2.151895,2043222288.54147
"Benin","Africa",1967,44.885,2427334,1035.831411,2.427334,2514308802.18827
"Benin","Africa",1972,47.014,2761407,1085.796879,2.761407,2998327102.24875
"Benin","Africa",1977,49.19,3168267,1029.161251,3.168267,3260657629.22202
"Benin","Africa",1982,50.904,3641603,1277.897616,3.641603,4653595792.11845
"Benin","Africa",1987,52.337,4243788,1225.85601,4.243788,5202273024.96588
"Benin","Africa",1992,53.919,4981671,1191.207681,4.981671,5934204759.41495
"Benin","Africa",1997,54.777,6066080,1232.975292,6.06608,7479326759.29536
"Benin","Africa",2002,54.406,7026113,1372.877931,7.026113,9645995478.4122
"Benin","Africa",2007,56.728,8078314,1441.284873,8.078314,11643151767.5441
"Botswana","Africa",1952,47.622,442308,851.2411407,0.442308,376510766.460736
"Botswana","Africa",1957,49.618,474639,918.2325349,0.474639,435828972.132401
"Botswana","Africa",1962,51.52,512764,983.6539764,0.512764,504382347.55477
"Botswana","Africa",1967,53.298,553541,1214.709294,0.553541,672391397.310054
"Botswana","Africa",1972,56.024,619351,2263.611114,0.619351,1401969807.06701
"Botswana","Africa",1977,59.319,781472,3214.857818,0.781472,2512321368.7481
"Botswana","Africa",1982,61.484,970347,4551.14215,0.970347,4416187131.82605
"Botswana","Africa",1987,63.622,1151184,6205.88385,1.151184,7144114193.9784
"Botswana","Africa",1992,62.745,1342614,7954.111645,1.342614,10679301652.14
"Botswana","Africa",1997,52.556,1536536,8647.142313,1.536536,13286645461.0478
"Botswana","Africa",2002,46.634,1630347,11003.60508,1.630347,17939694531.3628
"Botswana","Africa",2007,50.728,1639131,12569.85177,1.639131,20603633701.6119
"Burkina Faso","Africa",1952,31.975,4469979,543.2552413,4.469979,2428339520.25093
"Burkina Faso","Africa",1957,34.906,4713416,617.1834648,4.713416,2909042417.92376
"Burkina Faso","Africa",1962,37.814,4919632,722.5120206,4.919632,3554493256.92842
"Burkina Faso","Africa",1967,40.697,5127935,794.8265597,5.127935,4075818934.41522
"Burkina Faso","Africa",1972,43.591,5433886,854.7359763,5.433886,4644537855.3129
"Burkina Faso","Africa",1977,46.137,5889574,743.3870368,5.889574,4378232963.87432
"Burkina Faso","Africa",1982,48.122,6634596,807.1985855,6.634596,5355436506.56396
"Burkina Faso","Africa",1987,49.557,7586551,912.0631417,7.586551,6919413539.72728
"Burkina Faso","Africa",1992,50.26,8878303,931.7527731,8.878303,8272383440.67205
"Burkina Faso","Africa",1997,50.324,10352843,946.2949618,10.352843,9796843171.2064
"Burkina Faso","Africa",2002,50.65,12251209,1037.645221,12.251209,12712408470.3222
"Burkina Faso","Africa",2007,52.295,14326203,1217.032994,14.326203,17435461729.7418
"Burundi","Africa",1952,39.031,2445618,339.2964587,2.445618,829789526.732977
"Burundi","Africa",1957,40.533,2667518,379.5646281,2.667518,1012495477.62006
"Burundi","Africa",1962,42.045,2961915,355.2032273,2.961915,1052081766.98828
"Burundi","Africa",1967,43.548,3330989,412.9775136,3.330989,1375623555.04895
"Burundi","Africa",1972,44.057,3529983,464.0995039,3.529983,1638263359.07543
"Burundi","Africa",1977,45.91,3834415,556.1032651,3.834415,2132330701.24842
"Burundi","Africa",1982,47.471,4580410,559.603231,4.58041,2563212235.30471
"Burundi","Africa",1987,48.211,5126023,621.8188189,5.126023,3187457567.51423
"Burundi","Africa",1992,44.736,5809236,631.6998778,5.809236,3669693671.31136
"Burundi","Africa",1997,45.326,6121610,463.1151478,6.12161,2835010319.92396
"Burundi","Africa",2002,47.36,7021078,446.4035126,7.021078,3134233881.43858
"Burundi","Africa",2007,49.58,8390505,430.0706916,8.390505,3608510288.22326
"Cameroon","Africa",1952,38.523,5009067,1172.667655,5.009067,5873970852.62788
"Cameroon","Africa",1957,40.428,5359923,1313.048099,5.359923,7037836705.93638
"Cameroon","Africa",1962,42.643,5793633,1399.607441,5.793633,8108811857.22315
"Cameroon","Africa",1967,44.799,6335506,1508.453148,6.335506,9556813969.87289
"Cameroon","Africa",1972,47.049,7021028,1684.146528,7.021028,11824439929.1908
"Cameroon","Africa",1977,49.355,7959865,1783.432873,7.959865,14195884905.6421
"Cameroon","Africa",1982,52.961,9250831,2367.983282,9.250831,21905813152.6073
"Cameroon","Africa",1987,54.985,10780667,2602.664206,10.780667,28058456117.7054
"Cameroon","Africa",1992,54.314,12467171,1793.163278,12.467171,22355673217.7465
"Cameroon","Africa",1997,52.199,14195809,1694.337469,14.195809,24052491091.4674
"Cameroon","Africa",2002,49.856,15929988,1934.011449,15.929988,30808779174.4326
"Cameroon","Africa",2007,50.43,17696293,2042.09524,17.696293,36137515700.9453
"Central African Republic","Africa",1952,35.463,1291695,1071.310713,1.291695,1383806691.42853
"Central African Republic","Africa",1957,37.464,1392284,1190.844328,1.392284,1657993504.36515
"Central African Republic","Africa",1962,39.475,1523478,1193.068753,1.523478,1817613997.68293
"Central African Republic","Africa",1967,41.478,1733638,1136.056615,1.733638,1969510917.91537
"Central African Republic","Africa",1972,43.457,1927260,1070.013275,1.92726,2062193784.3765
"Central African Republic","Africa",1977,46.775,2167533,1109.374338,2.167533,2404605486.96815
"Central African Republic","Africa",1982,48.295,2476971,956.7529907,2.476971,2369849412.12717
"Central African Republic","Africa",1987,50.485,2840009,844.8763504,2.840009,2399456439.02315
"Central African Republic","Africa",1992,49.396,3265124,747.9055252,3.265124,2442004280.06313
"Central African Republic","Africa",1997,46.066,3696513,740.5063317,3.696513,2737291281.71136
"Central African Republic","Africa",2002,43.308,4048013,738.6906068,4.048013,2990229179.30429
"Central African Republic","Africa",2007,44.741,4369038,706.016537,4.369038,3084613078.78141
"Chad","Africa",1952,38.092,2682462,1178.665927,2.682462,3161726559.87227
"Chad","Africa",1957,39.881,2894855,1308.495577,2.894855,3787904963.55633
"Chad","Africa",1962,41.716,3150417,1389.817618,3.150417,4378505050.64671
"Chad","Africa",1967,43.601,3495967,1196.810565,3.495967,4184010240.49135
"Chad","Africa",1972,45.569,3899068,1104.103987,3.899068,4304976524.38412
"Chad","Africa",1977,47.383,4388260,1133.98495,4.38826,4976220796.687
"Chad","Africa",1982,49.517,4875118,797.9081006,4.875118,3889896143.58087
"Chad","Africa",1987,51.051,5498955,952.386129,5.498955,5237128465.99519
"Chad","Africa",1992,51.724,6429417,1058.0643,6.429417,6802736597.5131
"Chad","Africa",1997,51.573,7562011,1004.961353,7.562011,7599528805.96088
"Chad","Africa",2002,50.525,8835739,1156.18186,8.835739,10215721151.4945
"Chad","Africa",2007,50.651,10238807,1704.063724,10.238807,17447579585.7373
"Comoros","Africa",1952,40.715,153936,1102.990936,0.153936,169790012.724096
"Comoros","Africa",1957,42.46,170928,1211.148548,0.170928,207019199.012544
"Comoros","Africa",1962,44.467,191689,1406.648278,0.191689,269639001.761542
"Comoros","Africa",1967,46.472,217378,1876.029643,0.217378,407807571.736054
"Comoros","Africa",1972,48.944,250027,1937.577675,0.250027,484446733.347225
"Comoros","Africa",1977,50.939,304739,1172.603047,0.304739,357337879.939733
"Comoros","Africa",1982,52.933,348643,1267.100083,0.348643,441765574.237369
"Comoros","Africa",1987,54.926,395114,1315.980812,0.395114,519962442.552568
"Comoros","Africa",1992,57.939,454429,1246.90737,0.454429,566630869.24173
"Comoros","Africa",1997,60.66,527982,1173.618235,0.527982,619649302.95177
"Comoros","Africa",2002,62.974,614382,1075.811558,0.614382,660959256.627156
"Comoros","Africa",2007,65.152,710960,986.1478792,0.71096,701111696.196032
"Congo, Dem. Rep.","Africa",1952,39.143,14100005,780.5423257,14.100005,11005650695.0816
"Congo, Dem. Rep.","Africa",1957,40.652,15577932,905.8602303,15.577932,14111429069.1177
"Congo, Dem. Rep.","Africa",1962,42.122,17486434,896.3146335,17.486434,15673346681.9319
"Congo, Dem. Rep.","Africa",1967,44.056,19941073,861.5932424,19.941073,17181093743.0051
"Congo, Dem. Rep.","Africa",1972,45.989,23007669,904.8960685,23.007669,20819549223.4493
"Congo, Dem. Rep.","Africa",1977,47.804,26480870,795.757282,26.48087,21072345136.1953
"Congo, Dem. Rep.","Africa",1982,47.784,30646495,673.7478181,30.646495,20648009138.6626
"Congo, Dem. Rep.","Africa",1987,47.412,35481645,672.774812,35.481645,23871157044.3257
"Congo, Dem. Rep.","Africa",1992,45.548,41672143,457.7191807,41.672143,19074139151.9732
"Congo, Dem. Rep.","Africa",1997,42.587,47798986,312.188423,47.798986,14922290060.3391
"Congo, Dem. Rep.","Africa",2002,44.966,55379852,241.1658765,55.379852,13355730548.0203
"Congo, Dem. Rep.","Africa",2007,46.462,64606759,277.5518587,64.606759,17931726045.033
"Congo, Rep.","Africa",1952,42.111,854885,2125.621418,0.854885,1817161865.92693
"Congo, Rep.","Africa",1957,45.053,940458,2315.056572,0.940458,2177213473.58998
"Congo, Rep.","Africa",1962,48.435,1047924,2464.783157,1.047924,2582905425.01607
"Congo, Rep.","Africa",1967,52.04,1179760,2677.939642,1.17976,3159326072.04592
"Congo, Rep.","Africa",1972,54.907,1340458,3213.152683,1.340458,4307096219.14881
"Congo, Rep.","Africa",1977,55.625,1536769,3259.178978,1.536769,5008605218.84208
"Congo, Rep.","Africa",1982,56.695,1774735,4879.507522,1.774735,8659832782.05667
"Congo, Rep.","Africa",1987,57.47,2064095,4201.194937,2.064095,8671665463.48701
"Congo, Rep.","Africa",1992,56.433,2409073,4016.239529,2.409073,9675414210.84662
"Congo, Rep.","Africa",1997,52.962,2800947,3484.164376,2.800947,9758959756.46407
"Congo, Rep.","Africa",2002,52.97,3328795,3484.06197,3.328795,11597728065.4262
"Congo, Rep.","Africa",2007,55.322,3800610,3632.557798,3.80061,13805935492.6568
"Cote d'Ivoire","Africa",1952,40.477,2977019,1388.594732,2.977019,4133872900.46391
"Cote d'Ivoire","Africa",1957,42.469,3300000,1500.895925,3.3,4952956552.5
"Cote d'Ivoire","Africa",1962,44.93,3832408,1728.869428,3.832408,6625733026.82262
"Cote d'Ivoire","Africa",1967,47.35,4744870,2052.050473,4.74487,9736712727.82351
"Cote d'Ivoire","Africa",1972,49.801,6071696,2378.201111,6.071696,14439714172.8543
"Cote d'Ivoire","Africa",1977,52.374,7459574,2517.736547,7.459574,18781242084.851
"Cote d'Ivoire","Africa",1982,53.983,9025951,2602.710169,9.025951,23491934452.5957
"Cote d'Ivoire","Africa",1987,54.655,10761098,2156.956069,10.761098,23211215640.2038
"Cote d'Ivoire","Africa",1992,52.044,12772596,1648.073791,12.772596,21050180710.6314
"Cote d'Ivoire","Africa",1997,47.991,14625967,1786.265407,14.625967,26125858896.0236
"Cote d'Ivoire","Africa",2002,46.832,16252726,1648.800823,16.252726,26797508004.7935
"Cote d'Ivoire","Africa",2007,48.328,18013409,1544.750112,18.013409,27826215570.2518
"Djibouti","Africa",1952,34.812,63149,2669.529475,0.063149,168578116.816775
"Djibouti","Africa",1957,37.328,71851,2864.969076,0.071851,205850893.079676
"Djibouti","Africa",1962,39.693,89898,3020.989263,0.089898,271580892.765174
"Djibouti","Africa",1967,42.074,127617,3020.050513,0.127617,385409786.317521
"Djibouti","Africa",1972,44.366,178848,3694.212352,0.178848,660702490.730496
"Djibouti","Africa",1977,46.519,228694,3081.761022,0.228694,704780255.165268
"Djibouti","Africa",1982,48.812,305991,2879.468067,0.305991,881091313.289397
"Djibouti","Africa",1987,50.04,311025,2880.102568,0.311025,895783901.2122
"Djibouti","Africa",1992,51.604,384156,2377.156192,0.384156,913198814.093952
"Djibouti","Africa",1997,53.157,417908,1895.016984,0.417908,791942757.749472
"Djibouti","Africa",2002,53.373,447416,1908.260867,0.447416,853786444.069672
"Djibouti","Africa",2007,54.791,496374,2082.481567,0.496374,1033689705.33806
"Egypt","Africa",1952,41.893,22223309,1418.822445,22.223309,31530929611.3705
"Egypt","Africa",1957,44.444,25009741,1458.915272,25.009741,36487093093.6646
"Egypt","Africa",1962,46.992,28173309,1693.335853,28.173309,47706874227.3476
"Egypt","Africa",1967,49.293,31681188,1814.880728,31.681188,57497577541.3449
"Egypt","Africa",1972,51.137,34807417,2024.008147,34.807417,70450495584.0263
"Egypt","Africa",1977,53.319,38783863,2785.493582,38.783863,108032201471.667
"Egypt","Africa",1982,56.006,45681811,3503.729636,45.681811,160056715026.851
"Egypt","Africa",1987,59.797,52799062,3885.46071,52.799062,205148680925.854
"Egypt","Africa",1992,63.674,59402198,3794.755195,59.402198,225416799454.919
"Egypt","Africa",1997,67.217,66134291,4173.181797,66.134291,275990419358.701
"Egypt","Africa",2002,69.806,73312559,4754.604414,73.312559,348572216623.035
"Egypt","Africa",2007,71.338,80264543,5581.180998,80.264543,447970942204.754
"Equatorial Guinea","Africa",1952,34.482,216964,375.6431231,0.216964,81501034.5602684
"Equatorial Guinea","Africa",1957,35.983,232922,426.0964081,0.232922,99247227.5674682
"Equatorial Guinea","Africa",1962,37.485,249220,582.8419714,0.24922,145255876.112308
"Equatorial Guinea","Africa",1967,38.987,259864,915.5960025,0.259864,237930439.59366
"Equatorial Guinea","Africa",1972,40.516,277603,672.4122571,0.277603,186663659.807731
"Equatorial Guinea","Africa",1977,42.024,192675,958.5668124,0.192675,184691860.57917
"Equatorial Guinea","Africa",1982,43.662,285483,927.8253427,0.285483,264878362.310024
"Equatorial Guinea","Africa",1987,45.664,341244,966.8968149,0.341244,329947736.703736
"Equatorial Guinea","Africa",1992,47.545,387838,1132.055034,0.387838,439053960.276492
"Equatorial Guinea","Africa",1997,48.245,439971,2814.480755,0.439971,1238289912.25811
"Equatorial Guinea","Africa",2002,49.348,495627,7703.4959,0.495627,3818060562.4293
"Equatorial Guinea","Africa",2007,51.579,551201,12154.08975,0.551201,6699346424.28975
"Eritrea","Africa",1952,35.928,1438760,328.9405571,1.43876,473266515.933196
"Eritrea","Africa",1957,38.047,1542611,344.1618859,1.542611,530907910.970085
"Eritrea","Africa",1962,40.158,1666618,380.9958433,1.666618,634974530.368959
"Eritrea","Africa",1967,42.189,1820319,468.7949699,1.820319,853356390.813398
"Eritrea","Africa",1972,44.142,2260187,514.3242082,2.260187,1162468889.15893
"Eritrea","Africa",1977,44.535,2512642,505.7538077,2.512642,1270778258.88694
"Eritrea","Africa",1982,43.89,2637297,524.8758493,2.637297,1384253502.73134
"Eritrea","Africa",1987,46.453,2915959,521.1341333,2.915959,1519605766.20333
"Eritrea","Africa",1992,49.991,3668440,582.8585102,3.66844,2138181473.15809
"Eritrea","Africa",1997,53.378,4058319,913.47079,4.058319,3707155863.00201
"Eritrea","Africa",2002,55.24,4414865,765.3500015,4.414865,3378916934.3723
"Eritrea","Africa",2007,58.04,4906585,641.3695236,4.906585,3146934083.95291
"Ethiopia","Africa",1952,34.078,20860941,362.1462796,20.860941,7554712172.1051
"Ethiopia","Africa",1957,36.667,22815614,378.9041632,22.815614,8644931130.56421
"Ethiopia","Africa",1962,40.059,25145372,419.4564161,25.145372,10547387620.6213
"Ethiopia","Africa",1967,42.115,27860297,516.1186438,27.860297,14379218703.5052
"Ethiopia","Africa",1972,43.515,30770372,566.2439442,30.770372,17423536805.7812
"Ethiopia","Africa",1977,44.51,34617799,556.8083834,34.617799,19275480698.0561
"Ethiopia","Africa",1982,44.916,38111756,577.8607471,38.111756,22023287795.4529
"Ethiopia","Africa",1987,46.684,42999530,573.7413142,42.99953,24670606852.1823
"Ethiopia","Africa",1992,48.091,52088559,421.3534653,52.088559,21947694837.1335
"Ethiopia","Africa",1997,49.402,59861301,515.8894013,59.861301,30881810733.9291
"Ethiopia","Africa",2002,50.725,67946797,530.0535319,67.946797,36015439731.1423
"Ethiopia","Africa",2007,52.947,76511887,690.8055759,76.511887,52854838162.2307
"Gabon","Africa",1952,37.003,420702,4293.476475,0.420702,1806274139.98545
"Gabon","Africa",1957,38.999,434904,4976.198099,0.434904,2164168458.0475
"Gabon","Africa",1962,40.489,455661,6631.459222,0.455661,3021697340.55574
"Gabon","Africa",1967,44.598,489004,8358.761987,0.489004,4087468046.69095
"Gabon","Africa",1972,48.69,537977,11401.94841,0.537977,6133985999.76657
"Gabon","Africa",1977,52.79,706367,21745.57328,0.706367,15360355361.0738
"Gabon","Africa",1982,56.564,753874,15113.36194,0.753874,11393570619.1556
"Gabon","Africa",1987,60.19,880397,11864.40844,0.880397,10445389597.3507
"Gabon","Africa",1992,61.366,985739,13522.15752,0.985739,13329318031.6073
"Gabon","Africa",1997,60.461,1126189,14722.84188,1.126189,16580702573.9953
"Gabon","Africa",2002,56.761,1299304,12521.71392,1.299304,16269512983.1117
"Gabon","Africa",2007,56.735,1454867,13206.48452,1.454867,19213678514.1588
"Gambia","Africa",1952,30,284320,485.2306591,0.28432,137960780.995312
"Gambia","Africa",1957,32.065,323150,520.9267111,0.32315,168337466.691965
"Gambia","Africa",1962,33.896,374020,599.650276,0.37402,224281196.22952
"Gambia","Africa",1967,35.857,439593,734.7829124,0.439593,323005424.810653
"Gambia","Africa",1972,38.308,517101,756.0868363,0.517101,390973259.137566
"Gambia","Africa",1977,41.842,608274,884.7552507,0.608274,538173615.364292
"Gambia","Africa",1982,45.58,715523,835.8096108,0.715523,598041000.148448
"Gambia","Africa",1987,49.265,848406,611.6588611,0.848406,518935047.710407
"Gambia","Africa",1992,52.644,1025384,665.6244126,1.025384,682520622.689438
"Gambia","Africa",1997,55.861,1235767,653.7301704,1.235767,807858171.484697
"Gambia","Africa",2002,58.041,1457766,660.5855997,1.457766,962979227.33227
"Gambia","Africa",2007,59.448,1688359,752.7497265,1.688359,1270911775.48381
"Ghana","Africa",1952,43.149,5581001,911.2989371,5.581001,5085960279.25404
"Ghana","Africa",1957,44.779,6391288,1043.561537,6.391288,6669702328.68966
"Ghana","Africa",1962,46.452,7355248,1190.041118,7.355248,8753047553.08727
"Ghana","Africa",1967,48.072,8490213,1125.69716,8.490213,9557408661.89508
"Ghana","Africa",1972,49.875,9354120,1178.223708,9.35412,11021245951.477
"Ghana","Africa",1977,51.756,10538093,993.2239571,10.538093,10466686429.7478
"Ghana","Africa",1982,53.744,11400338,876.032569,11.400338,9987067385.60832
"Ghana","Africa",1987,55.729,14168101,847.0061135,14.168101,12000468163.6855
"Ghana","Africa",1992,57.501,16278738,925.060154,16.278738,15058811881.2057
"Ghana","Africa",1997,58.556,18418288,1005.245812,18.418288,18514906876.2099
"Ghana","Africa",2002,58.453,20550751,1111.984578,20.550751,22852118178.3181
"Ghana","Africa",2007,60.022,22873338,1327.60891,22.873338,30366847330.2416
"Guinea","Africa",1952,33.609,2664249,510.1964923,2.664249,1359290494.41378
"Guinea","Africa",1957,34.558,2876726,576.2670245,2.876726,1657762332.32179
"Guinea","Africa",1962,35.753,3140003,686.3736739,3.140003,2155215395.16702
"Guinea","Africa",1967,37.197,3451418,708.7595409,3.451418,2446225437.134
"Guinea","Africa",1972,38.842,3811387,741.6662307,3.811387,2826777030.02898
"Guinea","Africa",1977,40.762,4227026,874.6858643,4.227026,3697319890.22857
"Guinea","Africa",1982,42.891,4710497,857.2503577,4.710497,4038075238.19478
"Guinea","Africa",1987,45.552,5650262,805.5724718,5.650262,4551695525.65761
"Guinea","Africa",1992,48.576,6990574,794.3484384,6.990574,5552951540.41964
"Guinea","Africa",1997,51.455,8048834,869.4497668,8.048834,6998056844.31191
"Guinea","Africa",2002,53.676,8807818,945.5835837,8.807818,8328528109.01737
"Guinea","Africa",2007,56.007,9947814,942.6542111,9.947814,9377348758.33953
"Guinea-Bissau","Africa",1952,32.5,580653,299.850319,0.580653,174108987.278307
"Guinea-Bissau","Africa",1957,33.489,601095,431.7904566,0.601095,259547084.509977
"Guinea-Bissau","Africa",1962,34.488,627820,522.0343725,0.62782,327743619.74295
"Guinea-Bissau","Africa",1967,35.492,601287,715.5806402,0.601287,430269336.403937
"Guinea-Bissau","Africa",1972,36.486,625361,820.2245876,0.625361,512936468.326124
"Guinea-Bissau","Africa",1977,37.465,745228,764.7259628,0.745228,569895199.805518
"Guinea-Bissau","Africa",1982,39.327,825987,838.1239671,0.825987,692279501.213028
"Guinea-Bissau","Africa",1987,41.245,927524,736.4153921,0.927524,683042950.14216
"Guinea-Bissau","Africa",1992,43.266,1050938,745.5398706,1.050938,783516180.528623
"Guinea-Bissau","Africa",1997,44.873,1193708,796.6644681,1.193708,950984748.886715
"Guinea-Bissau","Africa",2002,45.504,1332459,575.7047176,1.332459,767102932.308578
"Guinea-Bissau","Africa",2007,46.388,1472041,579.231743,1.472041,852652874.197463
"Kenya","Africa",1952,42.27,6464046,853.540919,6.464046,5517327763.29827
"Kenya","Africa",1957,44.686,7454779,944.4383152,7.454779,7040578918.94834
"Kenya","Africa",1962,47.949,8678557,896.9663732,8.678557,7784373796.89947
"Kenya","Africa",1967,50.654,10191512,1056.736457,10.191512,10769742282.353
"Kenya","Africa",1972,53.559,12044785,1222.359968,12.044785,14723063007.1669
"Kenya","Africa",1977,56.155,14500404,1267.613204,14.500404,18380903573.7344
"Kenya","Africa",1982,58.766,17661452,1348.225791,17.661452,23811625092.9085
"Kenya","Africa",1987,59.339,21198082,1361.936856,21.198082,28870449152.3102
"Kenya","Africa",1992,59.285,25020539,1341.921721,25.020539,33575604755.2276
"Kenya","Africa",1997,54.407,28263827,1360.485021,28.263827,38452513269.6354
"Kenya","Africa",2002,50.992,31386842,1287.514732,31.386842,40411021465.9563
"Kenya","Africa",2007,54.11,35610177,1463.249282,35.610177,52106565927.1429
"Lesotho","Africa",1952,42.138,748747,298.8462121,0.748747,223760204.771239
"Lesotho","Africa",1957,45.047,813338,335.9971151,0.813338,273279221.601204
"Lesotho","Africa",1962,47.747,893143,411.8006266,0.893143,367796847.043404
"Lesotho","Africa",1967,48.492,996380,498.6390265,0.99638,496833953.22407
"Lesotho","Africa",1972,49.767,1116779,496.5815922,1.116779,554571893.955524
"Lesotho","Africa",1977,52.208,1251524,745.3695408,1.251524,932847869.180179
"Lesotho","Africa",1982,55.078,1411807,797.2631074,1.411807,1125581635.86907
"Lesotho","Africa",1987,57.18,1599200,773.9932141,1.5992,1237769947.98872
"Lesotho","Africa",1992,59.685,1803195,977.4862725,1.803195,1762598359.14064
"Lesotho","Africa",1997,55.558,1982823,1186.147994,1.982823,2351921523.90706
"Lesotho","Africa",2002,44.593,2046772,1275.184575,2.046772,2610012082.9419
"Lesotho","Africa",2007,42.592,2012649,1569.331442,2.012649,3158513357.40986
"Liberia","Africa",1952,38.48,863308,575.5729961,0.863308,496896772.117099
"Liberia","Africa",1957,39.486,975950,620.9699901,0.97595,606035661.838095
"Liberia","Africa",1962,40.502,1112796,634.1951625,1.112796,705729840.04935
"Liberia","Africa",1967,41.536,1279406,713.6036483,1.279406,912988789.25691
"Liberia","Africa",1972,42.614,1482628,803.0054535,1.482628,1190558369.5118
"Liberia","Africa",1977,43.764,1703617,640.3224383,1.703617,1090864191.36933
"Liberia","Africa",1982,44.852,1956875,572.1995694,1.956875,1119723032.36962
"Liberia","Africa",1987,46.027,2269414,506.1138573,2.269414,1148581873.35062
"Liberia","Africa",1992,40.802,1912974,636.6229191,1.912974,1217843092.0424
"Liberia","Africa",1997,42.221,2200725,609.1739508,2.200725,1340624342.87433
"Liberia","Africa",2002,43.753,2814651,531.4823679,2.814651,1495937378.2921
"Liberia","Africa",2007,45.678,3193942,414.5073415,3.193942,1323912407.32519
"Libya","Africa",1952,42.723,1019729,2387.54806,1.019729,2434651995.67574
"Libya","Africa",1957,45.289,1201578,3448.284395,1.201578,4143382666.77531
"Libya","Africa",1962,47.808,1441863,6757.030816,1.441863,9742712723.45021
"Libya","Africa",1967,50.227,1759224,18772.75169,1.759224,33025475319.0886
"Libya","Africa",1972,52.773,2183877,21011.49721,2.183877,45886525492.4832
"Libya","Africa",1977,57.442,2721783,21951.21176,2.721783,59746434997.7681
"Libya","Africa",1982,62.155,3344074,17364.27538,3.344074,58067421827.0981
"Libya","Africa",1987,66.234,3799845,11770.5898,3.799845,44726416798.581
"Libya","Africa",1992,68.755,4364501,9640.138501,4.364501,42074394127.753
"Libya","Africa",1997,71.555,4759670,9467.446056,4.75967,45061918969.3615
"Libya","Africa",2002,72.737,5368585,9534.677467,5.368585,51187726429.1742
"Libya","Africa",2007,73.952,6036914,12057.49928,6.036914,72790086208.4219
"Madagascar","Africa",1952,36.681,4762912,1443.011715,4.762912,6872937813.51408
"Madagascar","Africa",1957,38.865,5181679,1589.20275,5.181679,8234738516.41725
"Madagascar","Africa",1962,40.848,5703324,1643.38711,5.703324,9372769145.75364
"Madagascar","Africa",1967,42.881,6334556,1634.047282,6.334556,10350964014.4768
"Madagascar","Africa",1972,44.851,7082430,1748.562982,7.08243,12384074920.6063
"Madagascar","Africa",1977,46.881,8007166,1544.228586,8.007166,12364894630.0473
"Madagascar","Africa",1982,48.969,9171477,1302.878658,9.171477,11949321645.6379
"Madagascar","Africa",1987,49.35,10568642,1155.441948,10.568642,12211452300.1946
"Madagascar","Africa",1992,52.214,12210395,1040.67619,12.210395,12707067346.995
"Madagascar","Africa",1997,54.978,14165114,986.2958956,14.165114,13970993798.9061
"Madagascar","Africa",2002,57.286,16473477,894.6370822,16.473477,14737783396.9688
"Madagascar","Africa",2007,59.443,19167654,1044.770126,19.167654,20025792284.7044
"Malawi","Africa",1952,36.256,2917802,369.1650802,2.917802,1077150609.33772
"Malawi","Africa",1957,37.207,3221238,416.3698064,3.221238,1341226242.42832
"Malawi","Africa",1962,38.41,3628608,427.9010856,3.628608,1552685302.41684
"Malawi","Africa",1967,39.487,4147252,495.5147806,4.147252,2055024664.87291
"Malawi","Africa",1972,41.766,4730997,584.6219709,4.730997,2765844790.46199
"Malawi","Africa",1977,43.767,5637246,663.2236766,5.637246,3738755018.01864
"Malawi","Africa",1982,45.642,6502825,632.8039209,6.502825,4115013156.92654
"Malawi","Africa",1987,47.457,7824747,635.5173634,7.824747,4972762582.71206
"Malawi","Africa",1992,49.42,10014249,563.2000145,10.014249,5640025182.00661
"Malawi","Africa",1997,47.495,10419991,692.2758103,10.419991,7213507712.84371
"Malawi","Africa",2002,45.009,11824495,665.4231186,11.824495,7868292338.77011
"Malawi","Africa",2007,48.303,13327079,759.3499101,13.327079,10119916240.5456
"Mali","Africa",1952,33.685,3838168,452.3369807,3.838168,1736145324.53936
"Mali","Africa",1957,35.307,4241884,490.3821867,4.241884,2080144351.64774
"Mali","Africa",1962,36.936,4690372,496.1743428,4.690372,2327242244.58752
"Mali","Africa",1967,38.487,5212416,545.0098873,5.212416,2840818256.72072
"Mali","Africa",1972,39.977,5828158,581.3688761,5.828158,3388309666.19322
"Mali","Africa",1977,41.714,6491649,686.3952693,6.491649,4455837163.55608
"Mali","Africa",1982,43.916,6998256,618.0140641,6.998256,4325020632.17221
"Mali","Africa",1987,46.364,7634008,684.1715576,7.634008,5222971144.09086
"Mali","Africa",1992,48.388,8416215,739.014375,8.416215,6219703868.09062
"Mali","Africa",1997,49.903,9384984,790.2579846,9.384984,7416558541.34325
"Mali","Africa",2002,51.818,10580176,951.4097518,10.580176,10066082622.1603
"Mali","Africa",2007,54.467,12031795,1042.581557,12.031795,12544127564.6048
"Mauritania","Africa",1952,40.543,1022556,743.1159097,1.022556,759877632.159193
"Mauritania","Africa",1957,42.338,1076852,846.1202613,1.076852,911146295.621428
"Mauritania","Africa",1962,44.248,1146757,1055.896036,1.146757,1210856170.55525
"Mauritania","Africa",1967,46.289,1230542,1421.145193,1.230542,1748778848.08461
"Mauritania","Africa",1972,48.437,1332786,1586.851781,1.332786,2114933837.79187
"Mauritania","Africa",1977,50.852,1456688,1497.492223,1.456688,2181378951.33742
"Mauritania","Africa",1982,53.599,1622136,1481.150189,1.622136,2402627042.9837
"Mauritania","Africa",1987,56.145,1841240,1421.603576,1.84124,2617513368.27424
"Mauritania","Africa",1992,58.333,2119465,1361.369784,2.119465,2885375609.24556
"Mauritania","Africa",1997,60.43,2444741,1483.136136,2.444741,3625883720.26078
"Mauritania","Africa",2002,62.247,2828858,1579.019543,2.828858,4466822066.37189
"Mauritania","Africa",2007,64.164,3270065,1803.151496,3.270065,5896422596.76724
"Mauritius","Africa",1952,50.986,516556,1967.955707,0.516556,1016559328.18509
"Mauritius","Africa",1957,58.089,609816,2034.037981,0.609816,1240388905.4215
"Mauritius","Africa",1962,60.246,701016,2529.067487,0.701016,1772916773.46679
"Mauritius","Africa",1967,61.557,789309,2475.387562,0.789309,1953845681.17466
"Mauritius","Africa",1972,62.944,851334,2575.484158,0.851334,2192597230.16677
"Mauritius","Africa",1977,64.93,913025,3710.982963,0.913025,3388220219.79308
"Mauritius","Africa",1982,66.711,992040,3688.037739,0.99204,3658680958.59756
"Mauritius","Africa",1987,68.74,1042663,4783.586903,1.042663,4987669071.04269
"Mauritius","Africa",1992,69.745,1096202,6058.253846,1.096202,6641069982.49289
"Mauritius","Africa",1997,70.736,1149818,7425.705295,1.149818,8538209610.88631
"Mauritius","Africa",2002,71.954,1200206,9021.815894,1.200206,10828037566.8742
"Mauritius","Africa",2007,72.801,1250882,10956.99112,1.250882,13705902966.1678
"Morocco","Africa",1952,42.873,9939217,1688.20357,9.939217,16779421622.4047
"Morocco","Africa",1957,45.423,11406350,1642.002314,11.40635,18729253094.2939
"Morocco","Africa",1962,47.924,13056604,1566.353493,13.056604,20451257282.1178
"Morocco","Africa",1967,50.335,14770296,1711.04477,14.770296,25272637722.1519
"Morocco","Africa",1972,52.862,16660670,1930.194975,16.66067,32158341514.1333
"Morocco","Africa",1977,55.73,18396941,2370.619976,18.396941,43612155831.8934
"Morocco","Africa",1982,59.65,20198730,2702.620356,20.19873,54589498863.3479
"Morocco","Africa",1987,62.677,22987397,2755.046991,22.987397,63331358935.7724
"Morocco","Africa",1992,65.393,25798239,2948.047252,25.798239,76054427590.3892
"Morocco","Africa",1997,67.66,28529501,2982.101858,28.529501,85077877939.9129
"Morocco","Africa",2002,69.615,31167783,3258.495584,31.167783,101560083268.57
"Morocco","Africa",2007,71.164,33757175,3820.17523,33.757175,128958323769.775
"Mozambique","Africa",1952,31.286,6446316,468.5260381,6.446316,3020266895.82064
"Mozambique","Africa",1957,33.779,7038035,495.5868333,7.038035,3487957478.30457
"Mozambique","Africa",1962,36.161,7788944,556.6863539,7.788944,4335998836.09128
"Mozambique","Africa",1967,38.113,8680909,566.6691539,8.680909,4919203358.1129
"Mozambique","Africa",1972,40.328,9809596,724.9178037,9.809596,7111150787.50431
"Mozambique","Africa",1977,42.495,11127868,502.3197334,11.127868,5589747687.07039
"Mozambique","Africa",1982,42.795,12587223,462.2114149,12.587223,5817958152.49182
"Mozambique","Africa",1987,42.861,12891952,389.8761846,12.891952,5026265057.80634
"Mozambique","Africa",1992,44.284,13160731,410.8968239,13.160731,5407702568.10227
"Mozambique","Africa",1997,46.344,16603334,472.3460771,16.603334,7842519681.68105
"Mozambique","Africa",2002,44.026,18473780,633.6179466,18.47378,11705318549.5401
"Mozambique","Africa",2007,42.082,19951656,823.6856205,19.951656,16433892152.3625
"Namibia","Africa",1952,41.725,485831,2423.780443,0.485831,1177547676.40313
"Namibia","Africa",1957,45.226,548080,2621.448058,0.54808,1436763251.62864
"Namibia","Africa",1962,48.386,621392,3173.215595,0.621392,1971810785.00824
"Namibia","Africa",1967,51.159,706640,3793.694753,0.70664,2680776460.25992
"Namibia","Africa",1972,53.867,821782,3746.080948,0.821782,3078461893.60934
"Namibia","Africa",1977,56.437,977026,3876.485958,0.977026,3787427569.60091
"Namibia","Africa",1982,58.968,1099010,4191.100511,1.09901,4606061372.59411
"Namibia","Africa",1987,60.835,1278184,3693.731337,1.278184,4721268295.25201
"Namibia","Africa",1992,61.999,1554253,3804.537999,1.554253,5913214598.55975
"Namibia","Africa",1997,58.909,1774766,3899.52426,1.774766,6920743072.82316
"Namibia","Africa",2002,51.479,1972153,4072.324751,1.972153,8031247474.6589
"Namibia","Africa",2007,52.906,2055080,4811.060429,2.05508,9887114066.42932
"Niger","Africa",1952,37.444,3379468,761.879376,3.379468,2574746971.05197
"Niger","Africa",1957,38.598,3692184,835.5234025,3.692184,3084906138.33606
"Niger","Africa",1962,39.487,4076008,997.7661127,4.076008,4066902657.4941
"Niger","Africa",1967,40.118,4534062,1054.384891,4.534062,4780646467.65724
"Niger","Africa",1972,40.546,5060262,954.2092363,5.060262,4828548738.49791
"Niger","Africa",1977,41.291,5682086,808.8970728,5.682086,4596222732.79786
"Niger","Africa",1982,42.598,6437188,909.7221354,6.437188,5856052413.33125
"Niger","Africa",1987,44.555,7332638,668.3000228,7.332638,4900402142.58415
"Niger","Africa",1992,47.391,8392818,581.182725,8.392818,4877760835.66905
"Niger","Africa",1997,51.313,9666252,580.3052092,9.666252,5609376389.03992
"Niger","Africa",2002,54.496,11140655,601.0745012,11.140655,6696363647.16629
"Niger","Africa",2007,56.867,12894865,619.6768924,12.894865,7990649871.11753
"Nigeria","Africa",1952,36.324,33119096,1077.281856,33.119096,35678601207.9222
"Nigeria","Africa",1957,37.802,37173340,1100.592563,37.17334,40912701545.8704
"Nigeria","Africa",1962,39.36,41871351,1150.927478,41.871351,48190888406.8828
"Nigeria","Africa",1967,41.04,47287752,1014.514104,47.287752,47974091350.4542
"Nigeria","Africa",1972,42.821,53740085,1698.388838,53.740085,91271560517.1712
"Nigeria","Africa",1977,44.514,62209173,1981.951806,62.209173,123295582777.116
"Nigeria","Africa",1982,45.826,73039376,1576.97375,73.039376,115181178668.38
"Nigeria","Africa",1987,46.886,81551520,1385.029563,81.55152,112951266107.586
"Nigeria","Africa",1992,47.472,93364244,1619.848217,93.364244,151235904174.953
"Nigeria","Africa",1997,47.464,106207839,1624.941275,106.207839,172581501319.655
"Nigeria","Africa",2002,46.608,119901274,1615.286395,119.901274,193674896635.367
"Nigeria","Africa",2007,46.859,135031164,2013.977305,135.031164,271949699763.733
"Reunion","Africa",1952,52.724,257700,2718.885295,0.2577,700656740.5215
"Reunion","Africa",1957,55.09,308700,2769.451844,0.3087,854929784.2428
"Reunion","Africa",1962,57.666,358900,3173.72334,0.3589,1139049306.726
"Reunion","Africa",1967,60.542,414024,4021.175739,0.414024,1664863264.16374
"Reunion","Africa",1972,64.274,461633,5047.658563,0.461633,2330165765.41338
"Reunion","Africa",1977,67.064,492095,4319.804067,0.492095,2125753982.35036
"Reunion","Africa",1982,69.885,517810,5267.219353,0.51781,2727418853.17693
"Reunion","Africa",1987,71.913,562035,5303.377488,0.562035,2980683766.46808
"Reunion","Africa",1992,73.615,622191,6101.255823,0.622191,3796146461.76819
"Reunion","Africa",1997,74.772,684810,6071.941411,0.68481,4158126197.66691
"Reunion","Africa",2002,75.744,743981,6316.1652,0.743981,4699106901.6612
"Reunion","Africa",2007,76.442,798094,7670.122558,0.798094,6121478792.80445
"Rwanda","Africa",1952,40,2534927,493.3238752,2.534927,1250540010.98911
"Rwanda","Africa",1957,41.5,2822082,540.2893983,2.822082,1524740985.73326
"Rwanda","Africa",1962,43,3051242,597.4730727,3.051242,1823034933.29129
"Rwanda","Africa",1967,44.1,3451079,510.9637142,3.451079,1763376143.83762
"Rwanda","Africa",1972,44.6,3992121,590.5806638,3.992121,2357669470.14992
"Rwanda","Africa",1977,45,4657072,670.0806011,4.657072,3120613605.12598
"Rwanda","Africa",1982,46.218,5507565,881.5706467,5.507565,4855307638.79229
"Rwanda","Africa",1987,44.02,6349365,847.991217,6.349365,5384205753.52721
"Rwanda","Africa",1992,23.599,7290203,737.0685949,7.290203,5373379681.74576
"Rwanda","Africa",1997,36.087,7212583,589.9445051,7.212583,4255023708.42767
"Rwanda","Africa",2002,43.413,7852401,785.6537648,7.852401,6169268408.36928
"Rwanda","Africa",2007,46.242,8860588,863.0884639,8.860588,7647471286.17077
"Sao Tome and Principe","Africa",1952,46.471,60011,879.5835855,0.060011,52784690.5494405
"Sao Tome and Principe","Africa",1957,48.945,61325,860.7369026,0.061325,52784690.551945
"Sao Tome and Principe","Africa",1962,51.893,65345,1071.551119,0.065345,70020507.871055
"Sao Tome and Principe","Africa",1967,54.425,70787,1384.840593,0.070787,98028711.056691
"Sao Tome and Principe","Africa",1972,56.48,76595,1532.985254,0.076595,117419005.53013
"Sao Tome and Principe","Africa",1977,58.55,86796,1737.561657,0.086796,150813401.580972
"Sao Tome and Principe","Africa",1982,60.351,98593,1890.218117,0.098593,186362274.809381
"Sao Tome and Principe","Africa",1987,61.728,110812,1516.525457,0.110812,168049218.941084
"Sao Tome and Principe","Africa",1992,62.742,125911,1428.777814,0.125911,179898843.338554
"Sao Tome and Principe","Africa",1997,63.306,145608,1339.076036,0.145608,194980183.449888
"Sao Tome and Principe","Africa",2002,64.337,170372,1353.09239,0.170372,230529056.66908
"Sao Tome and Principe","Africa",2007,65.528,199579,1598.435089,0.199579,319014076.627531
"Senegal","Africa",1952,37.278,2755589,1450.356983,2.755589,3996587748.42799
"Senegal","Africa",1957,39.329,3054547,1567.653006,3.054547,4788469786.51828
"Senegal","Africa",1962,41.454,3430243,1654.988723,3.430243,5677013482.14969
"Senegal","Africa",1967,43.563,3965841,1612.404632,3.965841,6394540398.17551
"Senegal","Africa",1972,45.815,4588696,1597.712056,4.588696,7331414920.51898
"Senegal","Africa",1977,48.879,5260855,1561.769116,5.260855,8216240862.75418
"Senegal","Africa",1982,52.379,6147783,1518.479984,6.147783,9335285431.47547
"Senegal","Africa",1987,55.769,7171347,1441.72072,7.171347,10339079560.2098
"Senegal","Africa",1992,58.196,8307920,1367.899369,8.30792,11364398525.7025
"Senegal","Africa",1997,60.187,9535314,1392.368347,9.535314,13276669392.306
"Senegal","Africa",2002,61.6,10870037,1519.635262,10.870037,16518491524.4447
"Senegal","Africa",2007,63.062,12267493,1712.472136,12.267493,21007739941.0751
"Sierra Leone","Africa",1952,30.331,2143249,879.7877358,2.143249,1885604184.96561
"Sierra Leone","Africa",1957,31.57,2295678,1004.484437,2.295678,2305972823.36329
"Sierra Leone","Africa",1962,32.767,2467895,1116.639877,2.467895,2755749969.24892
"Sierra Leone","Africa",1967,34.113,2662190,1206.043465,2.66219,3210716852.08835
"Sierra Leone","Africa",1972,35.4,2879013,1353.759762,2.879013,3897491953.67491
"Sierra Leone","Africa",1977,36.788,3140897,1348.285159,3.140897,4234824811.04762
"Sierra Leone","Africa",1982,38.445,3464522,1465.010784,3.464522,5075562091.40525
"Sierra Leone","Africa",1987,40.006,3868905,1294.447788,3.868905,5008095519.23214
"Sierra Leone","Africa",1992,38.333,4260884,1068.696278,4.260884,4553590871.78975
"Sierra Leone","Africa",1997,39.897,4578212,574.6481576,4.578212,2630861090.90221
"Sierra Leone","Africa",2002,41.012,5359092,699.489713,5.359092,3748629725.0206
"Sierra Leone","Africa",2007,42.568,6144562,862.5407561,6.144562,5299935153.38333
"Somalia","Africa",1952,32.978,2526994,1135.749842,2.526994,2870033036.23495
"Somalia","Africa",1957,34.977,2780415,1258.147413,2.780415,3498171939.31639
"Somalia","Africa",1962,36.981,3080153,1369.488336,3.080153,4218233606.59541
"Somalia","Africa",1967,38.977,3428839,1284.73318,3.428839,4405143232.17802
"Somalia","Africa",1972,40.973,3840161,1254.576127,3.840161,4817774314.43645
"Somalia","Africa",1977,41.974,4353666,1450.992513,4.353666,6317136770.10266
"Somalia","Africa",1982,42.955,5828892,1176.807031,5.828892,6859481088.53965
"Somalia","Africa",1987,44.501,6921858,1093.244963,6.921858,7567286393.10125
"Somalia","Africa",1992,39.658,6099799,926.9602964,6.099799,5654271489.02042
"Somalia","Africa",1997,43.795,6633514,930.5964284,6.633514,6173124436.1414
"Somalia","Africa",2002,45.936,7753310,882.0818218,7.75331,6839053809.78016
"Somalia","Africa",2007,48.159,9118773,926.1410683,9.118773,8445270167.8052
"South Africa","Africa",1952,45.009,14264935,4725.295531,14.264935,67406033605.5055
"South Africa","Africa",1957,47.985,16151549,5487.104219,16.151549,88625232661.2852
"South Africa","Africa",1962,49.951,18356657,5768.729717,18.356657,105894592740.676
"South Africa","Africa",1967,51.927,20997321,7114.477971,20.997321,149384977704.516
"South Africa","Africa",1972,53.696,23935810,7765.962636,23.93581,185884606122.395
"South Africa","Africa",1977,55.527,27129932,8028.651439,27.129932,217816767591.772
"South Africa","Africa",1982,58.161,31140029,8568.266228,31.140029,266816058819.641
"South Africa","Africa",1987,60.834,35933379,7825.823398,35.933379,281208278147.402
"South Africa","Africa",1992,61.888,39964159,7225.069258,39.964159,288743816612.724
"South Africa","Africa",1997,60.236,42835005,7479.188244,42.835005,320371065827.681
"South Africa","Africa",2002,53.365,44433622,7710.946444,44.433622,342625279554.94
"South Africa","Africa",2007,49.339,43997828,9269.657808,43.997828,407844809855.241
"Sudan","Africa",1952,38.635,8504667,1615.991129,8.504667,13743466427.099
"Sudan","Africa",1957,39.624,9753392,1770.337074,9.753392,17266791454.855
"Sudan","Africa",1962,40.87,11183227,1959.593767,11.183227,21914581924.1461
"Sudan","Africa",1967,42.858,12716129,1687.997641,12.716129,21464795754.6517
"Sudan","Africa",1972,45.083,14597019,1659.652775,14.597019,24225983090.0777
"Sudan","Africa",1977,47.8,17104986,2202.988423,17.104986,37682086133.5771
"Sudan","Africa",1982,50.338,20367053,1895.544073,20.367053,38606646598.6269
"Sudan","Africa",1987,51.744,24725960,1507.819159,24.72596,37282276212.6676
"Sudan","Africa",1992,53.556,28227588,1492.197043,28.227588,42121123344.6223
"Sudan","Africa",1997,55.373,32160729,1632.210764,32.160729,52493088051.887
"Sudan","Africa",2002,56.369,37090298,1993.398314,37.090298,73935737498.9576
"Sudan","Africa",2007,58.556,42292929,2602.394995,42.292929,110062906753.49
"Swaziland","Africa",1952,41.407,290243,1148.376626,0.290243,333308277.060118
"Swaziland","Africa",1957,43.424,326741,1244.708364,0.326741,406697255.561724
"Swaziland","Africa",1962,44.992,370006,1856.182125,0.370006,686798523.34275
"Swaziland","Africa",1967,46.633,420690,2613.101665,0.42069,1099305739.44885
"Swaziland","Africa",1972,49.552,480105,3364.836625,0.480105,1615474887.84562
"Swaziland","Africa",1977,52.537,551425,3781.410618,0.551425,2085164350.03065
"Swaziland","Africa",1982,55.561,649901,3895.384018,0.649901,2531613968.68222
"Swaziland","Africa",1987,57.678,779348,3984.839812,0.779348,3105576937.80258
"Swaziland","Africa",1992,58.474,962344,3553.0224,0.962344,3419229788.5056
"Swaziland","Africa",1997,54.289,1054486,3876.76846,1.054486,4087998066.31156
"Swaziland","Africa",2002,43.869,1130269,4128.116943,1.130269,4665882609.04767
"Swaziland","Africa",2007,39.613,1133066,4513.480643,1.133066,5114071458.24144
"Tanzania","Africa",1952,41.215,8322925,716.6500721,8.322925,5964624801.33289
"Tanzania","Africa",1957,42.974,9452826,698.5356073,9.452826,6603135550.61123
"Tanzania","Africa",1962,44.246,10863958,722.0038073,10.863958,7843819038.34729
"Tanzania","Africa",1967,45.757,12607312,848.2186575,12.607312,10693757259.3236
"Tanzania","Africa",1972,47.62,14706593,915.9850592,14.706593,13471019459.7353
"Tanzania","Africa",1977,49.919,17129565,962.4922932,17.129565,16487074298.3685
"Tanzania","Africa",1982,50.608,19844382,874.2426069,19.844382,17348804251.9994
"Tanzania","Africa",1987,51.535,23040630,831.8220794,23.04063,19165704757.286
"Tanzania","Africa",1992,50.44,26605473,825.682454,26.605473,21967672236.4707
"Tanzania","Africa",1997,48.466,30686889,789.1862231,30.686889,24217670028.5989
"Tanzania","Africa",2002,49.651,34593779,899.0742111,34.593779,31102374563.3927
"Tanzania","Africa",2007,52.517,38139640,1107.482182,38.13964,42238971727.8945
"Togo","Africa",1952,38.596,1219113,859.8086567,1.219113,1048203910.89551
"Togo","Africa",1957,41.208,1357445,925.9083202,1.357445,1256869619.71389
"Togo","Africa",1962,43.922,1528098,1067.53481,1.528098,1631297808.09138
"Togo","Africa",1967,46.769,1735550,1477.59676,1.73555,2564443056.818
"Togo","Africa",1972,49.759,2056351,1649.660188,2.056351,3392280377.25399
"Togo","Africa",1977,52.887,2308582,1532.776998,2.308582,3538541387.59684
"Togo","Africa",1982,55.471,2644765,1344.577953,2.644765,3556092709.86604
"Togo","Africa",1987,56.941,3154264,1202.201361,3.154264,3792060473.7533
"Togo","Africa",1992,58.061,3747553,1034.298904,3.747553,3876089960.58191
"Togo","Africa",1997,58.39,4320890,982.2869243,4.32089,4244353748.33863
"Togo","Africa",2002,57.561,4977378,886.2205765,4.977378,4411054800.61842
"Togo","Africa",2007,58.42,5701579,882.9699438,5.701579,5034322889.20126
"Tunisia","Africa",1952,44.6,3647735,1468.475631,3.647735,5356609955.84579
"Tunisia","Africa",1957,47.1,3950849,1395.232468,3.950849,5512352800.96533
"Tunisia","Africa",1962,49.579,4286552,1660.30321,4.286552,7116976045.43192
"Tunisia","Africa",1967,52.053,4786986,1932.360167,4.786986,9250181066.38666
"Tunisia","Africa",1972,55.602,5303507,2753.285994,5.303507,14602071542.181
"Tunisia","Africa",1977,59.837,6005061,3120.876811,6.005061,18741055623.5405
"Tunisia","Africa",1982,64.048,6734098,3560.233174,6.734098,23974959096.5671
"Tunisia","Africa",1987,66.894,7724976,3810.419296,7.724976,29435397611.5369
"Tunisia","Africa",1992,70.001,8523077,4332.720164,8.523077,36928107577.2246
"Tunisia","Africa",1997,71.973,9231669,4876.798614,9.231669,45020990584.1068
"Tunisia","Africa",2002,73.042,9770575,5722.895655,9.770575,55915981214.3516
"Tunisia","Africa",2007,73.923,10276158,7092.923025,10.276158,72887997686.7379
"Uganda","Africa",1952,39.978,5824797,734.753484,5.824797,4279789889.34275
"Uganda","Africa",1957,42.571,6675501,774.3710692,6.675501,5169314846.81567
"Uganda","Africa",1962,45.344,7688797,767.2717398,7.688797,5899396651.15902
"Uganda","Africa",1967,48.051,8900294,908.9185217,8.900294,8089642065.17538
"Uganda","Africa",1972,51.016,10190285,950.735869,10.190285,9688269464.83266
"Uganda","Africa",1977,50.35,11457758,843.7331372,11.457758,9667290102.6184
"Uganda","Africa",1982,49.849,12939400,682.2662268,12.9394,8828115615.05592
"Uganda","Africa",1987,51.509,15283050,617.7244065,15.28305,9440712990.75982
"Uganda","Africa",1992,48.825,18252190,644.1707969,18.25219,11757527777.4702
"Uganda","Africa",1997,44.578,21210254,816.559081,21.210254,17319425514.0166
"Uganda","Africa",2002,47.813,24739869,927.7210018,24.739869,22951696053.0808
"Uganda","Africa",2007,51.542,29170398,1056.380121,29.170398,30815028568.8582
"Zambia","Africa",1952,42.038,2672000,1147.388831,2.672,3065822956.432
"Zambia","Africa",1957,44.077,3016000,1311.956766,3.016,3956861606.256
"Zambia","Africa",1962,46.023,3421000,1452.725766,3.421,4969774845.486
"Zambia","Africa",1967,47.768,3900000,1777.077318,3.9,6930601540.2
"Zambia","Africa",1972,50.107,4506497,1773.498265,4.506497,7992264610.72771
"Zambia","Africa",1977,51.386,5216550,1588.688299,5.21655,8287471946.14845
"Zambia","Africa",1982,51.821,6100407,1408.678565,6.100407,8593512578.67595
"Zambia","Africa",1987,50.821,7272406,1213.315116,7.272406,8823720129.4891
"Zambia","Africa",1992,46.1,8381163,1210.884633,8.381163,10148621483.3682
"Zambia","Africa",1997,40.238,9417789,1071.353818,9.417789,10089784202.2684
"Zambia","Africa",2002,39.193,10595811,1071.613938,10.595811,11354618752.0137
"Zambia","Africa",2007,42.384,11746035,1271.211593,11.746035,14931695863.7838
"Zimbabwe","Africa",1952,48.451,3080907,406.8841148,3.080907,1253572117.47612
"Zimbabwe","Africa",1957,50.469,3646340,518.7642681,3.64634,1891590901.34375
"Zimbabwe","Africa",1962,52.358,4277736,527.2721818,4.277736,2255531193.8844
"Zimbabwe","Africa",1967,53.995,4995432,569.7950712,4.995432,2846372532.11476
"Zimbabwe","Africa",1972,55.635,5861135,799.3621758,5.861135,4685169626.25753
"Zimbabwe","Africa",1977,57.674,6642107,685.5876821,6.642107,4553746742.39019
"Zimbabwe","Africa",1982,60.363,7636524,788.8550411,7.636524,6024110453.88114
"Zimbabwe","Africa",1987,62.351,9216418,706.1573059,9.216418,6508240904.92827
"Zimbabwe","Africa",1992,60.377,10704340,693.4207856,10.70434,7422611852.1295
"Zimbabwe","Africa",1997,46.809,11404948,792.4499603,11.404948,9037850589.82356
"Zimbabwe","Africa",2002,39.989,11926563,672.0386227,11.926563,8015110972.06478
"Zimbabwe","Africa",2007,43.487,12311143,469.7092981,12.311143,5782658337.33873
